station.id,station.name,station.type,station.url,station.longitude,station.latitude,station.elevation,elevation.units,station.timezone
KVDF,"Tampa, Vandenberg Airport",wx:ObservationStation,https://api.weather.gov/stations/KVDF,-82.3415,28.01983,4.8768,unit:m,America/New_York
KTPA,"Tampa, Tampa International Airport",wx:ObservationStation,https://api.weather.gov/stations/KTPA,-82.54028,27.96139,7.9248,unit:m,America/New_York
KTPF,"Tampa, Peter O Knight Airport",wx:ObservationStation,https://api.weather.gov/stations/KTPF,-82.44917,27.91556,2.1336,unit:m,America/New_York
KPIE,St. Petersburg/Clearwater Airport,wx:ObservationStation,https://api.weather.gov/stations/KPIE,-82.68554,27.91259,0.9144000000000001,unit:m,America/New_York
KMCF,"Macdill Air Force Base, Fl.",wx:ObservationStation,https://api.weather.gov/stations/KMCF,-82.5,27.85,3.9624,unit:m,America/New_York
KZPH,Zephyrhills Airport,wx:ObservationStation,https://api.weather.gov/stations/KZPH,-82.1559,28.2281,27.432000000000002,unit:m,America/New_York
KBKV,"Brooksville, Hernando County Airport",wx:ObservationStation,https://api.weather.gov/stations/KBKV,-82.45444,28.47361,22.86,unit:m,America/New_York
KSPG,St. Petersburg Whitted Airport,wx:ObservationStation,https://api.weather.gov/stations/KSPG,-82.62633,27.7676,0.9144000000000001,unit:m,America/New_York
KLAL,Lakeland Regional,wx:ObservationStation,https://api.weather.gov/stations/KLAL,-82.01667,27.98333,42.976800000000004,unit:m,America/New_York
KGIF,Winter Havens Gilbert Airport,wx:ObservationStation,https://api.weather.gov/stations/KGIF,-81.75684,28.06138,42.976800000000004,unit:m,America/New_York
KBOW,Bartow Municipal,wx:ObservationStation,https://api.weather.gov/stations/KBOW,-81.78333,27.95,39.0144,unit:m,America/New_York
KINF,Inverness Airport,wx:ObservationStation,https://api.weather.gov/stations/KINF,-82.3165,28.8086,14.9352,unit:m,America/New_York
KCGC,Crystal River Airport,wx:ObservationStation,https://api.weather.gov/stations/KCGC,-82.5712999,28.8673,2.7432000000000003,unit:m,America/New_York
KSRQ,"Sarasota / Bradenton, Sarasota-Bradenton International Airport",wx:ObservationStation,https://api.weather.gov/stations/KSRQ,-82.55861,27.40139,9.144,unit:m,America/New_York
KLEE,Leesburg Regional Airport,wx:ObservationStation,https://api.weather.gov/stations/KLEE,-81.80964,28.82142,20.1168,unit:m,America/New_York
KISM,"Orlando, Kissimmee Municipal Airport",wx:ObservationStation,https://api.weather.gov/stations/KISM,-81.43722,28.28972,24.9936,unit:m,America/New_York
KVVG,The Villages,wx:ObservationStation,https://api.weather.gov/stations/KVVG,-81.9666699,28.96667,27.127200000000002,unit:m,America/New_York
KOCF,"Ocala, Ocala International Airport-Jim Taylor Field",wx:ObservationStation,https://api.weather.gov/stations/KOCF,-82.2166699,29.16667,27.127200000000002,unit:m,America/New_York
KMCO,Orlando International Airport,wx:ObservationStation,https://api.weather.gov/stations/KMCO,-81.32413,28.41826,27.127200000000002,unit:m,America/New_York
KVNC,Venice Municipal Airport,wx:ObservationStation,https://api.weather.gov/stations/KVNC,-82.44033,27.0716,6.096,unit:m,America/New_York
KORL,Orlando Executive Airport,wx:ObservationStation,https://api.weather.gov/stations/KORL,-81.33543,28.54655,31.0896,unit:m,America/New_York
KX60,Williston Montbrook Airport,wx:ObservationStation,https://api.weather.gov/stations/KX60,-82.4719,29.3557,23.1648,unit:m,America/New_York
KSFB,Orlando / Sanford Airport,wx:ObservationStation,https://api.weather.gov/stations/KSFB,-81.25,28.78333,17.0688,unit:m,America/New_York
KPGD,"Punta Gorda, Charlotte County Airport",wx:ObservationStation,https://api.weather.gov/stations/KPGD,-81.99361,26.91778,7.010400000000001,unit:m,America/New_York
KDED,DeLand Municipal Airport,wx:ObservationStation,https://api.weather.gov/stations/KDED,-81.2837,29.067,24.0792,unit:m,America/New_York
KTIX,Titusville,wx:ObservationStation,https://api.weather.gov/stations/KTIX,-80.8,28.51667,10.972800000000001,unit:m,America/New_York
KGNV,"Gainesville, Gainesville Regional Airport",wx:ObservationStation,https://api.weather.gov/stations/KGNV,-82.27556,29.69194,46.0248,unit:m,America/New_York
KCTY,Cross City Airport,wx:ObservationStation,https://api.weather.gov/stations/KCTY,-83.105458,29.633326,11.8872,unit:m,America/New_York
KDAB,Daytona Beach International Airport,wx:ObservationStation,https://api.weather.gov/stations/KDAB,-81.07186,29.17354,7.010400000000001,unit:m,America/New_York
KEVB,New Smyrna Beach Municipal Airport,wx:ObservationStation,https://api.weather.gov/stations/KEVB,-80.94909,29.05687,0.9144000000000001,unit:m,America/New_York
KMLB,Melbourne International Airport,wx:ObservationStation,https://api.weather.gov/stations/KMLB,-80.6356,28.09973,6.096,unit:m,America/New_York
KTTS,"Titusville, NASA Shuttle Landing Facility",wx:ObservationStation,https://api.weather.gov/stations/KTTS,-80.7,28.61667,3.048,unit:m,America/New_York
KFMY,"Fort Myers, Page Field",wx:ObservationStation,https://api.weather.gov/stations/KFMY,-81.8625,26.58417,4.8768,unit:m,America/New_York
KCOF,Cocoa - Patrick Air Force Base,wx:ObservationStation,https://api.weather.gov/stations/KCOF,-80.60799,28.24219,0.9144000000000001,unit:m,America/New_York
K28J,Palatka Kay Larkin Field,wx:ObservationStation,https://api.weather.gov/stations/K28J,-81.6889,29.6586,14.630400000000002,unit:m,America/New_York
KOMN,"Ormond Beach, Ormond Beach Municipal Airport",wx:ObservationStation,https://api.weather.gov/stations/KOMN,-81.11361,29.30111,9.144,unit:m,America/New_York
KOBE,Okeechobee County Airport,wx:ObservationStation,https://api.weather.gov/stations/KOBE,-80.8498,27.2628,10.3632,unit:m,America/New_York
KFIN,Flagler County Airport,wx:ObservationStation,https://api.weather.gov/stations/KFIN,-81.20872,29.4657,10.0584,unit:m,America/New_York
K42J,Keystone Airpark,wx:ObservationStation,https://api.weather.gov/stations/K42J,-82.04753,29.84475,60.0456,unit:m,America/New_York
KRSW,"Fort Myers, Southwest Florida International Airport",wx:ObservationStation,https://api.weather.gov/stations/KRSW,-81.76639,26.52694,9.144,unit:m,America/New_York
KVRB,"Vero Beach, Vero Beach Municipal Airport",wx:ObservationStation,https://api.weather.gov/stations/KVRB,-80.41806,27.65556,7.010400000000001,unit:m,America/New_York
KFPR,"Fort Pierce, St. Lucie County International Airport",wx:ObservationStation,https://api.weather.gov/stations/KFPR,-80.37667,27.49806,7.9248,unit:m,America/New_York
KAPF,"Naples, Naples Municipal Airport",wx:ObservationStation,https://api.weather.gov/stations/KAPF,-81.76667,26.15,2.1336,unit:m,America/New_York
KSUA,"Stuart, Witham Field Airport",wx:ObservationStation,https://api.weather.gov/stations/KSUA,-80.22111,27.18167,6.096,unit:m,America/New_York
KMKY,Marco Island Airport,wx:ObservationStation,https://api.weather.gov/stations/KMKY,-81.6725,25.995,1.524,unit:m,America/New_York
KPBI,West Palm Beach - Palm Beach International Airport,wx:ObservationStation,https://api.weather.gov/stations/KPBI,-80.0991899,26.6850999,3.048,unit:m,America/New_York
KBCT,"Boca Raton, Boca Raton Airport",wx:ObservationStation,https://api.weather.gov/stations/KBCT,-80.10778,26.3786099,3.9624,unit:m,America/New_York
KFXE,"Fort Lauderdale, Fort Lauderdale Executive Airport",wx:ObservationStation,https://api.weather.gov/stations/KFXE,-80.18333,26.2,3.9624,unit:m,America/New_York
KPMP,"Pompano Beach, Pompano Beach Airpark",wx:ObservationStation,https://api.weather.gov/stations/KPMP,-80.11139,26.24556,6.096,unit:m,America/New_York
KHWO,"Hollywood, North Perry Airport",wx:ObservationStation,https://api.weather.gov/stations/KHWO,-80.24111,25.99889,2.1336,unit:m,America/New_York
KFLL,"Fort Lauderdale, Fort Lauderdale / Hollywood International Airport",wx:ObservationStation,https://api.weather.gov/stations/KFLL,-80.1525,26.06806,3.048,unit:m,America/New_York
